wwtp,sample_date,target_variant,totaldroplets,double_positivedroplets,fam_single_positivedroplets,hex_single_positivedroplets,cy5_single_positivedroplets,negativedroplets,percmutation,lower_ci95,upper_ci95,hcov19concentration_(gc/rxn)
ARA Altenrhein,2021-08-23,S:L452R (Delta),51019,31,0.0,0,,50988.0,100.0,93.99385682952554,100.0,1.1711010483692148
ARA Altenrhein,2021-08-26,S:L452R (Delta),49691,34,0.0,2,,49655.0,94.44634535984194,89.26046350730213,100.0,1.3964158574239802
ARA Altenrhein,2021-08-30,S:L452R (Delta),79652,17,0.0,0,,79635.0,100.0,89.31750598762336,100.0,0.41127397434341
ARA Altenrhein,2021-09-02,S:L452R (Delta),51936,31,0.0,0,,51905.0,100.0,93.9938265310973,100.0,1.1504175086164714
ARA Altenrhein,2021-09-06,S:L452R (Delta),49902,23,1.0,0,,49878.0,95.8342936385003,82.91137936180611,99.75752938365031,0.926894677455439
ARA Altenrhein,2021-09-09,S:L452R (Delta),51200,26,0.0,1,,51173.0,96.297236784738,89.44138546022926,100.0,1.0163445946394944
ARA Altenrhein,2021-09-13,S:L452R (Delta),50320,29,0.0,0,,50291.0,100.0,93.59309470700484,100.0,1.1107470849495655
ARA Altenrhein,2021-09-16,S:L452R (Delta),52190,13,0.0,0,,52177.0,100.0,86.26628737745611,100.0,0.4800017186733049
ARA Altenrhein,2021-09-20,S:L452R (Delta),49681,15,0.0,0,,49666.0,100.0,87.98265598646357,100.0,0.5818340629041341
ARA Altenrhein,2021-09-23,S:L452R (Delta),51493,24,0.0,0,,51469.0,100.0,92.31048381271421,100.0,0.8982493619779707
ARA Altenrhein,2021-09-27,S:L452R (Delta),52599,7,1.0,0,,52591.0,87.50083179650036,55.46620442328918,99.24156577754549,0.2930745929945515
ARA Altenrhein,2021-09-30,S:L452R (Delta),47807,15,0.0,0,,47792.0,100.0,87.98271857147117,100.0,0.6046451184892098
ARA Altenrhein,2021-10-06,S:L452R (Delta),51195,9,0.0,0,,51186.0,100.0,80.78349704285863,100.0,0.3387550523455604
ARA Altenrhein,2021-10-10,S:L452R (Delta),52008,12,0.0,0,,51996.0,100.0,85.21065343837526,100.0,0.4446249641520389
ARA Altenrhein,2021-10-13,S:L452R (Delta),48593,12,0.0,0,,48581.0,100.0,85.21075563374947,100.0,0.47587600388524787
ARA Altenrhein,2021-10-17,S:L452R (Delta),51087,32,0.0,0,,51055.0,100.0,94.17602520211102,100.0,1.2072807419575742
ARA Altenrhein,2021-10-20,S:L452R (Delta),50635,47,0.0,0,,50588.0,100.0,95.99750389665276,100.0,1.7892924210372931
ARA Altenrhein,2021-10-24,S:L452R (Delta),48257,68,0.0,0,,48189.0,100.0,97.21682496065264,100.0,2.716986009072662
ARA Altenrhein,2021-11-03,S:L452R (Delta),45492,3,0.0,0,,45489.0,100.0,52.71724545820583,100.0,0.1270671200120325
ARA Altenrhein,2021-11-07,S:L452R (Delta),40937,3,0.0,0,,40934.0,100.0,52.7173369145483,100.0,0.14120621034056619
ARA Altenrhein,2021-11-10,S:L452R (Delta),43622,45,0.0,0,,43577.0,100.0,95.82358710956575,100.0,1.9886744116152661
ARA Altenrhein,2021-11-14,S:L452R (Delta),53318,75,0.0,0,,53243.0,100.0,97.47327601541915,100.0,2.712224817368235
ARA Altenrhein,2021-11-17,S:L452R (Delta),42218,97,0.0,0,,42121.0,100.0,98.04155162026838,100.0,4.432064950915365
ARA Altenrhein,2021-11-21,S:L452R (Delta),42032,132,1.0,5,,41894.0,95.65900540183934,94.05537942213886,99.99819635416874,6.33644385281229
ARA Altenrhein,2021-11-24,S:L452R (Delta),43228,78,0.0,0,,43150.0,100.0,97.56973976230813,100.0,3.4797994440890876
ARA Altenrhein,2021-11-28,"69-70del (Alpha, Omicron)",51468,53,,0,0.0,51415.0,0.0,0.0,3.560905155340234,1.9851573055679792
ARA Altenrhein,2021-11-28,S:L452R (Delta),51857,140,0.0,2,,51715.0,98.593451433253,97.2518251985109,100.0,5.283344036684617
ARA Altenrhein,2021-12-01,"69-70del (Alpha, Omicron)",54877,135,,0,0.0,54742.0,0.0,0.0,1.414405663601644,4.745814839419485
ARA Altenrhein,2021-12-01,S:L452R (Delta),51520,165,1.0,1,,51353.0,98.8043140453423,97.15086822656941,99.97499485215747,6.2557312870826225
ARA Altenrhein,2021-12-05,"69-70del (Alpha, Omicron)",52832,125,,1,0.0,52706.0,0.794591536778233,0.04550937250989725,3.4515777667608236,4.6007065098981705
ARA Altenrhein,2021-12-05,S:L452R (Delta),51968,163,1.0,1,,51803.0,98.7897807809219,97.11645643299018,99.97468721162303,6.127325419793025
ARA Altenrhein,2021-12-08,"69-70del (Alpha, Omicron)",47319,44,,0,0.0,47275.0,0.0,0.0,4.273289046657219,1.7924694198949804
ARA Altenrhein,2021-12-08,S:L452R (Delta),45380,66,4.0,0,,45310.0,94.2898709853943,87.23031136538971,98.19142905594906,2.974413627454369
ARA Altenrhein,2021-12-12,"69-70del (Alpha, Omicron)",51989,124,,0,3.0,51862.0,0.0,0.0,1.538892639460248,4.7125491469745615
ARA Altenrhein,2021-12-12,S:L452R (Delta),51065,139,0.0,0,,50926.0,100.0,98.62952657431609,100.0,5.251892850333259
ARA Altenrhein,2021-12-15,"69-70del (Alpha, Omicron)",46028,120,,0,6.0,45902.0,0.0,0.0,1.5900098687805793,5.281729979264299
ARA Altenrhein,2021-12-15,S:L452R (Delta),90040,237,5.0,4,,89794.0,96.34628086442717,94.90081012316097,99.44662520130598,5.271402904383334
ARA Altenrhein,2021-12-19,"69-70del (Alpha, Omicron)",50607,160,,12,4.0,50431.0,6.829259878928706,3.8024211232165914,11.446334610766211,6.712603637117673
ARA Altenrhein,2021-12-19,S:L452R (Delta),43949,165,12.0,3,,43769.0,91.68232406249943,88.53919067482107,96.50058946932731,7.907642583068118
ARA Altenrhein,2021-12-22,"69-70del (Alpha, Omicron)",54589,120,,8,2.0,54459.0,6.1607357168027015,2.9086616393621183,11.33505883296935,4.593973557130232
ARA Altenrhein,2021-12-22,S:L452R (Delta),52424,158,43.0,0,,52223.0,78.63924156316268,72.63490194849842,83.918643064435,7.40171649941876
ARA Altenrhein,2021-12-26,"69-70del (Alpha, Omicron)",55931,39,,3,1.0,55888.0,6.979240464423064,1.8257668004634413,17.4975404291142,1.4818884420167282
ARA Altenrhein,2021-12-26,S:L452R (Delta),50699,46,10.0,0,,50643.0,82.15096073398811,70.80251033655993,90.62538168880596,2.129419555646438
ARA Altenrhein,2021-12-29,"69-70del (Alpha, Omicron)",45451,43,,8,0.0,45400.0,15.693700769557516,7.500213682712554,27.24663550649664,2.163232243469664
ARA Altenrhein,2021-12-29,S:L452R (Delta),89355,65,55.0,0,,89235.0,54.183347643679156,45.25103797386851,62.93847093648112,2.5893264754946728
ARA Altenrhein,2021-12-31,S:L452R (Delta),53015,51,65.0,1,,52898.0,43.61690923816963,35.15658143910812,53.09141123433615,4.256958403819252
ARA Altenrhein,2022-01-01,"69-70del (Alpha, Omicron)",49257,51,,31,0.0,49175.0,37.82446832645101,27.82015021074254,48.57816508317152,3.2102605450438384
ARA Altenrhein,2022-01-01,S:L452R (Delta),46695,57,72.0,1,,46565.0,43.88047870573652,35.819350154826104,52.848665353618905,5.371688994335362
ARA Altenrhein,2022-01-05,"69-70del (Alpha, Omicron)",54298,24,,24,0.0,54250.0,50.011055017489284,36.143725447997774,63.876684066573745,1.704048995121076
ARA Altenrhein,2022-01-05,S:L452R (Delta),94525,11,85.0,0,,94429.0,11.46348915292984,6.124857864839182,18.82904412437874,1.9578427996350687
ARA Altenrhein,2022-01-09,"69-70del (Alpha, Omicron)",47180,17,,47,0.0,47116.0,73.45073675307606,61.85266748306566,83.2069278523129,2.6154679826414515
ARA Altenrhein,2022-01-09,S:L452R (Delta),51186,24,160.0,0,,51002.0,13.063919126340473,8.71394746142482,18.435575773757517,6.938746653039182
ARA Altenrhein,2022-01-12,"69-70del (Alpha, Omicron)",46805,14,,26,0.0,46765.0,65.00972450820481,49.62926134622058,78.52311379865752,1.647350553359738
ARA Altenrhein,2022-01-12,S:L452R (Delta),21951,9,71.0,0,,21871.0,11.268244366605352,5.581370033455838,19.3944601326551,7.034948342171977
ARA Altenrhein,2022-01-16,"69-70del (Alpha, Omicron)",57520,23,,71,0.0,57426.0,75.54702416889951,66.24711274703256,83.47290032593824,3.1513506184332893
ARA Altenrhein,2022-01-16,S:L452R (Delta),53455,36,331.0,0,,53088.0,9.839795440560605,7.069616359648104,13.169556775955815,13.274112634738426
ARA Altenrhein,2022-01-19,"69-70del (Alpha, Omicron)",57757,6,,49,0.0,57702.0,89.0955376845483,79.12783137807345,95.51613797861158,1.8356825031209374
ARA Altenrhein,2022-01-19,S:L452R (Delta),47520,11,236.0,0,,47273.0,4.4645463288405125,2.3436651655754277,7.5242275409277335,10.041169678534986
ARA Altenrhein,2022-01-23,"69-70del (Alpha, Omicron)",55361,18,,73,0.0,55270.0,80.23282789910596,71.27706487093165,87.51060015592532,3.1697666375972235
ARA Altenrhein,2022-01-23,S:L452R (Delta),52673,13,597.0,0,,52063.0,2.143340594620202,1.1848366999899536,3.5038716841873296,22.44405890385432
ARA Altenrhein,2022-01-26,"69-70del (Alpha, Omicron)",50156,3,,47,0.0,50106.0,94.0028118084143,85.17896330403933,98.47394051402038,1.9217474549981606
ARA Altenrhein,2022-01-26,S:L452R (Delta),50395,2,504.0,0,,49889.0,0.39725003296213757,0.06616470313374767,1.2215392836082983,19.44398117879425
ARA Altenrhein,2022-01-30,"69-70del (Alpha, Omicron)",53283,4,,57,0.0,53222.0,93.44613120451135,85.42654071990536,97.91789962126956,2.2071026062907793
ARA Altenrhein,2022-01-30,S:L452R (Delta),51655,3,683.0,0,,50969.0,0.4402412359785224,0.10966554208799155,1.1375627446040326,25.759906600910107
ARA Altenrhein,2022-02-02,"69-70del (Alpha, Omicron)",55713,6,,40,0.0,55667.0,86.96120510231185,75.32608794835723,94.60118378773673,1.5915243243857817
ARA Altenrhein,2022-02-06,"69-70del (Alpha, Omicron)",55771,7,,45,0.0,55719.0,86.54389369957283,75.59892803038233,93.98215652694805,1.7973394114736827
ARA Altenrhein,2022-02-09,S:L452R (Delta),29676,0,162.0,0,,29514.0,0.0,0.0,1.1818280134903836,10.547035233182562
ARA Altenrhein,2022-02-10,"69-70del (Alpha, Omicron)",49520,22,,24,0.0,49474.0,52.185507793352336,37.927375579960156,66.20570719334701,1.7906537964919225
ARA Altenrhein,2022-02-13,"69-70del (Alpha, Omicron)",56036,29,,51,0.0,55956.0,63.766505715384135,52.920535728957496,73.74348802036148,2.7527431978485066
ARA Altenrhein,2022-02-13,S:L452R (Delta),52856,0,393.0,1,,52462.0,0.0,0.0,0.48936238120905656,14.416448420808168
ARA Chur,2021-11-28,"69-70del (Alpha, Omicron)",50643,25,,0,0.0,50618.0,0.0,0.0,7.396887899484088,0.9513940770637045
ARA Chur,2021-12-01,"69-70del (Alpha, Omicron)",52380,48,,0,0.0,52332.0,0.0,0.0,3.9242441327804993,1.7664748187593984
ARA Chur,2021-12-05,"69-70del (Alpha, Omicron)",39726,90,,0,0.0,39636.0,0.0,0.0,2.1138777891804983,4.370113630271975
ARA Chur,2021-12-08,"69-70del (Alpha, Omicron)",52475,10,,0,0.0,52465.0,0.0,0.0,17.47670711946831,0.3672159861701317
ARA Chur,2021-12-12,"69-70del (Alpha, Omicron)",50909,63,,1,1.0,50844.0,1.539429590562802,0.08986300246473261,6.703543565909486,2.461664320851146
ARA Chur,2021-12-15,"69-70del (Alpha, Omicron)",55651,50,,0,0.0,55601.0,0.0,0.0,3.770240930378736,1.7319081035231925
ARA Chur,2021-12-15,S:L452R (Delta),41757,46,3.0,0,,41708.0,93.88092412263856,84.89256798981722,98.44218679652525,2.26232174571584
ARA Chur,2021-12-19,"69-70del (Alpha, Omicron)",95901,90,,15,0.0,95796.0,14.292423049025693,8.489468573157907,21.815802283850076,2.1107493488243896
ARA Chur,2021-12-19,S:L452R (Delta),50254,67,12.0,1,,50174.0,83.76083721664102,75.76984737105256,91.61366918644899,3.0697139142931977
ARA Chur,2021-12-22,"69-70del (Alpha, Omicron)",45412,7,,3,0.0,45402.0,30.0023124867292,8.456717935099231,60.6565309418879,0.42433595731737694
ARA Chur,2021-12-22,S:L452R (Delta),52074,27,16.0,1,,52030.0,61.37365629610541,47.84709868940459,76.25561137495492,1.628725602987643
ARA Chur,2021-12-26,"69-70del (Alpha, Omicron)",45712,51,,14,0.0,45647.0,21.550488359053066,12.767622503106274,32.5334570839111,2.7417302929454674
ARA Chur,2021-12-26,S:L452R (Delta),48873,87,59.0,1,,48726.0,59.220050552945416,51.540610479340366,67.37360452513079,5.804100623917322
ARA Chur,2021-12-29,"69-70del (Alpha, Omicron)",41764,5,,7,0.0,41752.0,58.33682562235518,30.889624742639644,82.54975872364454,0.5536995891170405
ARA Chur,2021-12-29,S:L452R (Delta),48910,12,23.0,0,,48875.0,34.29377923011339,20.079287406125836,50.73100308943624,1.3792991247320858
ARA Chur,2022-01-01,"69-70del (Alpha, Omicron)",49589,27,,49,0.0,49513.0,64.49124724717134,53.38165305526318,74.63873785141665,2.95524775485484
ARA Chur,2022-01-01,S:L452R (Delta),36869,14,81.0,0,,36774.0,14.7530610132521,8.596355879402134,22.78513707976195,4.9711287570633464
ARA Chur,2022-01-05,"69-70del (Alpha, Omicron)",52769,0,,15,0.0,52754.0,100.0,87.98256255610843,100.0,0.5477807548820649
ARA Chur,2022-01-05,S:L452R (Delta),48142,6,58.0,0,,48078.0,9.380653149291973,3.8385813809123244,18.100608162238487,2.5631694802724025
ARA Chur,2022-01-09,"69-70del (Alpha, Omicron)",47600,5,,46,0.0,47549.0,90.20081679859727,80.10931152763598,96.37031297853709,2.065516303151458
ARA Chur,2022-01-09,S:L452R (Delta),51380,15,184.0,0,,51181.0,7.551226346720929,4.4173333780411435,11.770571760149723,7.477114178420718
ARA Chur,2022-01-12,"69-70del (Alpha, Omicron)",53606,0,,31,0.0,53575.0,100.0,93.99377401613789,100.0,1.11456792056904
ARA Chur,2022-01-12,S:L452R (Delta),50154,1,182.0,1,,49970.0,0.5444728003081267,0.03131733356749136,2.3880503848388077,7.081785335183795
ARA Chur,2022-01-16,"69-70del (Alpha, Omicron)",51190,3,,47,0.0,51140.0,94.00275500049791,85.17883608752722,98.4739253711909,1.8829106097327384
ARA Chur,2022-01-16,S:L452R (Delta),44103,11,186.0,2,,43904.0,5.539462163242181,2.945383911194702,9.392540480787476,8.713632459573963
ARA Chur,2022-01-19,"69-70del (Alpha, Omicron)",54123,1,,22,0.0,54100.0,95.65305764203252,82.22267530781232,99.74675765783326,0.8189755035448557
ARA Chur,2022-01-19,S:L452R (Delta),49764,5,188.0,0,,49571.0,2.5955826800919346,0.9386363204664726,5.49555316189716,7.487178672856845
ARA Chur,2022-01-23,"69-70del (Alpha, Omicron)",55276,19,,63,0.0,55194.0,76.84247883613375,66.97479058121338,85.05852203191749,2.860435873146382
ARA Chur,2022-01-23,S:L452R (Delta),50258,3,358.0,0,,49897.0,0.8340024401699564,0.20806156801898745,2.1482638596504118,13.889898917105928
ARA Chur,2022-01-26,"69-70del (Alpha, Omicron)",45480,7,,33,0.0,45440.0,82.50635052733944,68.90514106643188,92.07639995333479,1.695365066357211
ARA Chur,2022-01-26,S:L452R (Delta),47203,1,350.0,0,,46852.0,0.28596309590360747,0.016338868544441214,1.2529677663852041,14.381026370148739
ARA Chur,2022-01-30,"69-70del (Alpha, Omicron)",53618,10,,39,0.0,53569.0,79.59926090799816,66.97461307068303,89.20778029013195,1.7616378475628613
ARA Chur,2022-01-30,S:L452R (Delta),49391,6,414.0,0,,48971.0,1.4346009008903038,0.5726869712496833,2.8855625327790366,16.454595741214277
ARA Chur,2022-02-02,"69-70del (Alpha, Omicron)",55869,13,,13,0.0,55843.0,50.00581853342405,31.474512083955393,68.53552660988946,0.8968837728843154
ARA Chur,2022-02-06,"69-70del (Alpha, Omicron)",53146,10,,25,0.0,53111.0,71.43529304232027,55.31573550195319,84.52260162849593,1.269325917634485
ARA Chur,2022-02-09,S:L452R (Delta),46974,1,126.0,0,,46847.0,0.7884599821884386,0.045156907410247284,3.4252936775889005,5.21634811410842
ARA Chur,2022-02-10,"69-70del (Alpha, Omicron)",53691,9,,16,0.0,53666.0,64.0053650434513,44.49458952667212,80.7768143386115,0.8973715307019234
ARA Chur,2022-02-13,"69-70del (Alpha, Omicron)",49654,27,,36,0.0,49591.0,57.15840214741178,44.83571767344931,68.90912136293213,2.446214913432632
ARA Chur,2022-02-13,S:L452R (Delta),45864,0,279.0,0,,45585.0,0.0,0.0,0.6881521436066839,11.756802638180242
ARA Sensetal,2021-08-23,S:L452R (Delta),52785,17,1.0,1,,52766.0,89.47537941395767,76.1667040796188,99.75745707698893,0.693671563393321
ARA Sensetal,2021-08-26,S:L452R (Delta),51190,14,0.0,0,,51176.0,100.0,87.1815529586339,100.0,0.5270295214939572
ARA Sensetal,2021-08-30,S:L452R (Delta),51524,21,0.0,0,,51503.0,100.0,91.26110597614395,100.0,0.7854723190237454
ARA Sensetal,2021-09-02,S:L452R (Delta),51401,11,0.0,0,,51390.0,100.0,83.97973886641229,100.0,0.4123825060665586
ARA Sensetal,2021-11-24,"69-70del (Alpha, Omicron)",53126,29,,0,0.0,53097.0,0.0,0.0,6.410271596897238,1.0520638152328894
ARA Sensetal,2021-11-28,"69-70del (Alpha, Omicron)",53762,22,,1,0.0,53739.0,4.348715982265061,0.25335009324279095,17.783559340870664,0.8244759205787365
ARA Sensetal,2021-12-01,"69-70del (Alpha, Omicron)",44044,18,,0,0.0,44026.0,0.0,0.0,10.122978492018534,0.7876026208192494
ARA Sensetal,2021-12-01,S:L452R (Delta),52838,38,1.0,1,,52798.0,95.00179822075737,88.32803136773855,99.89133484071561,1.4591861605452299
ARA Sensetal,2021-12-05,"69-70del (Alpha, Omicron)",50042,43,,0,0.0,49999.0,0.0,0.0,4.370315599452175,1.6563537523049958
ARA Sensetal,2021-12-05,S:L452R (Delta),51937,67,4.0,1,,51865.0,93.06003613037467,87.18089692679705,98.27999045433955,2.67294167641775
ARA Sensetal,2021-12-08,"69-70del (Alpha, Omicron)",47691,16,,0,0.0,47675.0,0.0,0.0,11.313682868024683,0.6465305594636731
ARA Sensetal,2021-12-08,S:L452R (Delta),49349,12,0.0,0,,49337.0,100.0,85.21073179101828,100.0,0.46858495424262375
ARA Sensetal,2021-12-12,"69-70del (Alpha, Omicron)",56195,71,,5,0.0,56119.0,6.583107921617426,2.412164875049836,13.617957197864857,2.607608582085779
ARA Sensetal,2021-12-12,S:L452R (Delta),48227,97,12.0,0,,48118.0,89.001903195539,82.24285352101515,93.95320714294239,4.35973548036451
ARA Sensetal,2021-12-15,"69-70del (Alpha, Omicron)",46869,13,,2,0.0,46854.0,13.335182899581477,2.350102872869275,35.771136235546074,0.6167479562287479
ARA Sensetal,2021-12-15,S:L452R (Delta),50025,21,12.0,0,,49992.0,63.64399824418372,46.65985004905578,78.58341667748603,1.271460198490422
ARA Sensetal,2021-12-19,"69-70del (Alpha, Omicron)",102284,62,,14,1.0,102207.0,18.18742056816195,10.830119662644709,28.11791702106175,1.4510393325801612
ARA Sensetal,2021-12-19,S:L452R (Delta),45748,41,25.0,1,,45681.0,61.211429919871875,50.10028412574991,73.24489802068216,2.823927538083261
ARA Sensetal,2021-12-22,"69-70del (Alpha, Omicron)",43432,14,,0,0.0,43418.0,0.0,0.0,12.821777237302307,0.6211848489139917
ARA Sensetal,2021-12-22,S:L452R (Delta),40501,14,14.0,0,,40473.0,50.008644750338995,32.105040450483564,67.91003254055164,1.332524163587474
ARA Sensetal,2021-12-27,S:L452R (Delta),31859,14,8.0,0,,31837.0,63.64435564451847,42.85364733626207,81.4212162400757,1.3309850447396603
ARA Sensetal,2021-12-29,"69-70del (Alpha, Omicron)",52256,5,,2,0.0,52249.0,28.572795586219367,5.4208272571142215,64.98313957829627,0.25812116043047534
ARA Sensetal,2021-12-29,S:L452R (Delta),52025,0,9.0,0,,52016.0,0.0,0.0,19.219210621748573,0.33335013130756025
ARA Sensetal,2022-01-01,"69-70del (Alpha, Omicron)",50514,37,,41,0.0,50436.0,52.58336775097745,41.55329395345357,63.44568958308516,2.9774947448979376
ARA Sensetal,2022-01-01,S:L452R (Delta),53590,33,136.0,0,,53421.0,19.551459504336975,14.052509935450278,25.966911340297326,6.085850519213638
ARA Sensetal,2022-01-05,"69-70del (Alpha, Omicron)",54233,3,,14,0.0,54216.0,82.35521913309616,60.370709994401494,95.29240799193694,0.6040682517966631
ARA Sensetal,2022-01-09,"69-70del (Alpha, Omicron)",53904,6,,34,0.0,53864.0,85.00473156866278,71.9217832376518,93.75092041683511,1.4303187306692298
ARA Sensetal,2022-01-09,S:L452R (Delta),52878,17,112.0,0,,52749.0,13.192276367496692,8.094027505029851,19.737730595642468,4.7062784490690905
ARA Sensetal,2022-01-12,"69-70del (Alpha, Omicron)",56729,4,,19,0.0,56706.0,82.61160838331811,64.10436220667141,94.2481211033248,0.7813460201908167
ARA Sensetal,2022-01-12,S:L452R (Delta),50767,6,76.0,0,,50685.0,7.32255707989613,2.9768917438868137,14.283826306216751,3.1146981989763454
ARA Sensetal,2022-01-16,"69-70del (Alpha, Omicron)",57131,13,,53,0.0,57065.0,80.31216981526134,69.66872494679706,88.64780636033959,2.22718211175689
ARA Sensetal,2022-01-16,S:L452R (Delta),52116,20,258.0,0,,51838.0,7.2121270832754,4.558159300454409,10.65146980321583,10.305457201958276
ARA Sensetal,2022-01-19,"69-70del (Alpha, Omicron)",57282,5,,36,0.0,57241.0,87.80871086131854,75.60410799994027,95.4469289968796,1.379601941841431
ARA Sensetal,2022-01-19,S:L452R (Delta),52784,5,178.0,1,,52600.0,2.722012018758413,0.9901672677841807,5.790070536098188,6.728313569482465
ARA Sensetal,2022-01-23,"69-70del (Alpha, Omicron)",56961,9,,49,0.0,56903.0,84.48943471529611,73.77634739911456,92.22528140232068,1.9629273788807151
ARA Sensetal,2022-01-23,S:L452R (Delta),50337,6,234.0,1,,50096.0,2.4954608303229597,1.0035860619243493,5.012526618480723,9.247068577303372
ARA Sensetal,2022-01-26,"69-70del (Alpha, Omicron)",53003,4,,34,0.0,52965.0,89.47706095832731,77.22244877582635,96.60829600725029,1.381883767464622
ARA Sensetal,2022-01-30,"69-70del (Alpha, Omicron)",55971,13,,60,0.0,55898.0,82.20132943723574,72.39680276696296,89.78610006435808,2.5146399080644093
ARA Sensetal,2022-02-02,"69-70del (Alpha, Omicron)",49753,1,,17,0.0,49735.0,94.44539364756024,77.74421874006897,99.67449182042304,0.6972113481682927
ARA Sensetal,2022-02-06,"69-70del (Alpha, Omicron)",53458,17,,43,0.0,53398.0,71.67806645521075,59.53310006428937,82.00878001554833,2.1637895591437575
ARA Sensetal,2022-02-09,S:L452R (Delta),48266,0,102.0,0,,48164.0,0.0,0.0,1.8673867968400777,4.0761560760093944
ARA Sensetal,2022-02-10,"69-70del (Alpha, Omicron)",53878,8,,9,0.0,53861.0,52.94510751500267,30.080786603227196,74.97948635205553,0.6080490615858184
ARA Sensetal,2022-02-13,"69-70del (Alpha, Omicron)",56667,28,,30,0.0,56609.0,51.73692315365952,39.01146278377784,64.31148092216978,1.9731166643426683
ARA Sensetal,2022-02-13,S:L452R (Delta),50240,0,237.0,1,,50002.0,0.0,0.0,0.8090630848781961,9.149359406119254
ARA Werdhölzli,2021-04-17,S:L452R (Delta),51346,1,29.0,0,,51316.0,3.3342751058313858,0.19329935041142304,13.87186651680407,1.1260928065581297
ARA Werdhölzli,2021-05-01,S:L452R (Delta),52323,0,8.0,0,,52315.0,0.0,0.0,21.345669338553908,0.2946206582476162
ARA Werdhölzli,2021-05-18,S:L452R (Delta),52116,0,7.0,0,,52109.0,0.0,0.0,23.997658186978672,0.2588146017847317
ARA Werdhölzli,2021-06-28,S:L452R (Delta),50342,1,2.0,0,,50339.0,33.33399549503082,2.2725473688186657,83.91842664553765,0.1148249783478531
ARA Werdhölzli,2021-07-09,S:L452R (Delta),51372,13,0.0,0,,51359.0,100.0,86.26631087797911,100.0,0.48764578735817704
ARA Werdhölzli,2021-07-16,S:L452R (Delta),52220,3,0.0,0,,52217.0,100.0,52.71713956021687,100.0,0.11069538233392547
ARA Werdhölzli,2021-07-20,S:L452R (Delta),51333,11,2.0,1,,51319.0,78.57372469853392,58.518539722017316,97.49763499268452,0.5255611580426127
ARA Werdhölzli,2021-07-23,S:L452R (Delta),52907,19,1.0,1,,52886.0,90.47790073111366,78.31352985249957,99.782904308681,0.7649358327509675
ARA Werdhölzli,2021-07-27,S:L452R (Delta),48453,10,0.0,0,,48443.0,100.0,82.52615547262177,100.0,0.39770109817621446
ARA Werdhölzli,2021-07-30,S:L452R (Delta),48833,30,0.0,0,,48803.0,100.0,93.80000642712884,100.0,1.1840605929613106
ARA Werdhölzli,2021-08-03,S:L452R (Delta),49770,13,0.0,0,,49757.0,100.0,86.26635914025172,100.0,0.5033442121091465
ARA Werdhölzli,2021-08-10,S:L452R (Delta),51004,28,0.0,0,,50976.0,100.0,93.37194327361844,100.0,1.0580487353708192
ARA Werdhölzli,2021-08-13,S:L452R (Delta),49708,36,0.0,0,,49672.0,100.0,94.80625684831642,100.0,1.3959381139815967
ARA Werdhölzli,2021-08-17,S:L452R (Delta),49404,24,0.0,0,,49380.0,100.0,92.31055378646909,100.0,0.9362401902398285
ARA Werdhölzli,2021-08-20,S:L452R (Delta),47995,62,0.0,0,,47933.0,100.0,96.95145476143396,100.0,2.4906287548444124
ARA Werdhölzli,2021-08-23,S:L452R (Delta),51231,29,0.0,0,,51202.0,100.0,93.59306396598835,100.0,1.090989962753729
ARA Werdhölzli,2021-08-26,S:L452R (Delta),50217,55,0.0,1,,50161.0,98.21526380790253,94.84633774410442,100.0,2.149869862243028
ARA Werdhölzli,2021-08-30,S:L452R (Delta),51019,28,0.0,1,,50990.0,96.55267047297643,90.15310425289897,100.0,1.0955246584088094
ARA Werdhölzli,2021-09-02,S:L452R (Delta),51421,37,0.0,1,,51383.0,97.36936795838159,92.4454056409885,100.0,1.4244140253591409
ARA Werdhölzli,2021-09-06,S:L452R (Delta),48888,32,0.0,2,,48854.0,94.11957250325898,88.63814515232652,100.0,1.3404800381581408
ARA Werdhölzli,2021-09-09,S:L452R (Delta),51918,35,0.0,0,,51883.0,100.0,94.66176826262934,100.0,1.2993590067884702
ARA Werdhölzli,2021-09-13,S:L452R (Delta),50528,30,0.0,1,,50497.0,96.77515128833815,90.7750401385014,100.0,1.182484580181673
ARA Werdhölzli,2021-09-16,S:L452R (Delta),51163,10,0.0,0,,51153.0,100.0,82.5260766372399,100.0,0.3766336212788342
ARA Werdhölzli,2021-09-19,S:L452R (Delta),51328,15,0.0,0,,51313.0,100.0,87.98260475588404,100.0,0.5631615886399134
ARA Werdhölzli,2021-09-23,S:L452R (Delta),51314,16,2.0,0,,51296.0,88.89062128933527,69.48352995297292,98.06182199413348,0.6759980758329991
ARA Werdhölzli,2021-09-27,S:L452R (Delta),51381,7,0.0,0,,51374.0,100.0,76.00480917055839,100.0,0.2625171706696775
ARA Werdhölzli,2021-09-30,S:L452R (Delta),50878,8,0.0,0,,50870.0,100.0,78.65693422349369,100.0,0.30298891812290896
ARA Werdhölzli,2021-10-06,S:L452R (Delta),64254,15,0.0,0,,64239.0,100.0,87.98229388305353,100.0,0.44985694528625797
ARA Werdhölzli,2021-10-10,S:L452R (Delta),50100,9,0.0,0,,50091.0,100.0,80.78352687108358,100.0,0.3461596452590329
ARA Werdhölzli,2021-10-13,S:L452R (Delta),52295,5,0.0,0,,52290.0,100.0,68.10424546526568,100.0,0.18423122580390366
ARA Werdhölzli,2021-10-17,S:L452R (Delta),52493,13,0.0,0,,52480.0,100.0,86.26627885844168,100.0,0.4772307104663898
ARA Werdhölzli,2021-10-20,S:L452R (Delta),50924,12,0.0,0,,50912.0,100.0,85.21068439257768,100.0,0.4540906435888837
ARA Werdhölzli,2021-10-24,S:L452R (Delta),50037,34,0.0,1,,50002.0,97.14382797923999,91.80982015711677,100.0,1.348221840035413
ARA Werdhölzli,2021-11-03,S:L452R (Delta),47262,15,2.0,1,,47244.0,83.33597844411436,66.91502733417536,98.1275682869387,0.7339657025846859
ARA Werdhölzli,2021-11-07,S:L452R (Delta),46112,21,1.0,0,,46090.0,95.45558058115817,81.47717807932877,99.7349992622807,0.9194857123210833
ARA Werdhölzli,2021-11-10,S:L452R (Delta),52648,33,0.0,1,,52614.0,97.05974541155945,91.57337124012277,100.0,1.2447150839007126
ARA Werdhölzli,2021-11-14,S:L452R (Delta),52925,39,2.0,0,,52884.0,95.12374879408965,85.69273990259828,99.1722670145014,1.4932203720204205
ARA Werdhölzli,2021-11-17,S:L452R (Delta),29713,38,0.0,0,,29675.0,100.0,95.07406323356543,100.0,2.46574177912051
ARA Werdhölzli,2021-11-21,S:L452R (Delta),46835,40,0.0,0,,46795.0,100.0,95.31354919279102,100.0,1.6462948976379614
ARA Werdhölzli,2021-11-24,S:L452R (Delta),44216,49,0.0,0,,44167.0,100.0,96.15802487285946,100.0,2.136436669485632
ARA Werdhölzli,2021-11-28,"69-70del (Alpha, Omicron)",48528,17,,0,0.0,48511.0,0.0,0.0,10.685184160666868,0.675095559235946
ARA Werdhölzli,2021-11-28,S:L452R (Delta),45784,51,0.0,0,,45733.0,100.0,96.30588375185705,100.0,2.147489671340651
ARA Werdhölzli,2021-12-01,"69-70del (Alpha, Omicron)",53084,80,,0,0.0,53004.0,0.0,0.0,2.37406650316881,2.9059386755551717
ARA Werdhölzli,2021-12-01,S:L452R (Delta),55108,108,3.0,1,,54996.0,96.43207240616249,92.96629189888894,99.3598842996631,3.919924599933219
ARA Werdhölzli,2021-12-05,"69-70del (Alpha, Omicron)",35705,36,,0,0.0,35669.0,0.0,0.0,5.198012186738372,1.9436816692885046
ARA Werdhölzli,2021-12-05,S:L452R (Delta),52699,72,0.0,0,,52627.0,100.0,97.3693398976425,100.0,2.6342659041182808
ARA Werdhölzli,2021-12-08,"69-70del (Alpha, Omicron)",51529,32,,1,1.0,51495.0,2.9421187648894565,0.17539253832483295,12.677879329602955,1.2717541481758512
ARA Werdhölzli,2021-12-08,S:L452R (Delta),54793,35,4.0,0,,54754.0,89.74686602371507,77.76557426773553,96.69854247992225,1.3719136415461652
ARA Werdhölzli,2021-12-12,"69-70del (Alpha, Omicron)",51380,83,,4,5.0,51288.0,4.3515547810799475,1.4484309090276175,10.37896539329396,3.4531502828156864
ARA Werdhölzli,2021-12-12,S:L452R (Delta),53837,90,21.0,0,,53726.0,81.09690413532154,73.15127383612032,87.6243324417589,3.976700320550747
ARA Werdhölzli,2021-12-15,"69-70del (Alpha, Omicron)",53261,80,,12,4.0,53165.0,12.509870463527706,7.19908975293783,20.948966270458847,3.4760518751854903
ARA Werdhölzli,2021-12-15,S:L452R (Delta),48960,61,42.0,0,,48857.0,59.24872658245432,49.618945004816055,68.42320576460729,4.057753714184698
ARA Werdhölzli,2021-12-19,"69-70del (Alpha, Omicron)",45989,58,,28,0.0,45903.0,32.57869391902477,23.28640316004626,42.89421443257158,3.606479865674332
ARA Werdhölzli,2021-12-19,S:L452R (Delta),49297,76,78.0,0,,49143.0,49.389753417679415,41.55208723926399,57.24692930719119,6.028539459555136
ARA Werdhölzli,2021-12-22,"69-70del (Alpha, Omicron)",53841,69,,70,2.0,53700.0,49.67816683100722,42.10025689832859,58.66967870235135,5.052518690616795
ARA Werdhölzli,2021-12-22,S:L452R (Delta),52722,105,198.0,2,,52417.0,34.49175615288198,29.496475673804333,40.19936632439734,11.178920133071795
ARA Werdhölzli,2021-12-26,"69-70del (Alpha, Omicron)",53237,16,,26,0.0,53195.0,61.91406751002374,46.84254037757295,75.57184793117898,1.5206866298099726
ARA Werdhölzli,2021-12-26,S:L452R (Delta),53016,23,77.0,0,,52916.0,23.016723958303984,15.511436966991099,31.887566731159556,3.6377729976725575
ARA Werdhölzli,2021-12-29,"69-70del (Alpha, Omicron)",54529,23,,18,0.0,54488.0,43.911701680653294,29.4366638492719,59.12574449919998,1.4492799644511356
ARA Werdhölzli,2021-12-29,S:L452R (Delta),48572,20,65.0,0,,48487.0,23.545174186032614,15.392805531070564,33.26924465802649,3.3747830726808323
ARA Werdhölzli,2021-12-31,S:L452R (Delta),46413,15,148.0,0,,46250.0,9.217166100688722,5.411974868536112,14.293778969494522,6.778667527181329
ARA Werdhölzli,2022-01-01,"69-70del (Alpha, Omicron)",43127,11,,41,1.0,43074.0,77.36925719051459,66.4137244433141,88.47690337797205,2.3693338445972656
ARA Werdhölzli,2022-01-05,"69-70del (Alpha, Omicron)",55527,16,,107,0.0,55404.0,87.00441023183689,80.324035885282,92.16174545173854,4.272823949589951
ARA Werdhölzli,2022-01-05,S:L452R (Delta),52740,20,385.0,0,,52335.0,4.9564077332880485,3.118757342676169,7.36291234509108,14.85321313736695
ARA Werdhölzli,2022-01-09,"69-70del (Alpha, Omicron)",52083,11,,75,0.0,51997.0,87.21851552080375,79.10841889901046,93.14786294057897,3.1841528293858468
ARA Werdhölzli,2022-01-09,S:L452R (Delta),53185,17,409.0,0,,52759.0,4.006054349190958,2.4104395758004724,6.153897425315343,15.495236583780354
ARA Werdhölzli,2022-01-12,"69-70del (Alpha, Omicron)",51576,10,,84,0.0,51482.0,89.37036899103148,82.10311913566436,94.52599436206671,3.5148670446749604
ARA Werdhölzli,2022-01-12,S:L452R (Delta),48342,9,335.0,0,,47998.0,2.6253971679591426,1.2702672352137334,4.682783769608367,13.759931888187472
ARA Werdhölzli,2022-01-16,"69-70del (Alpha, Omicron)",56947,17,,80,0.0,56850.0,82.48654298793862,74.12863846511632,89.15206078440723,3.284760157205834
ARA Werdhölzli,2022-01-16,S:L452R (Delta),50430,14,396.0,0,,50020.0,3.428129784598044,1.9459908092045668,5.49096433790929,15.728922233450831
ARA Werdhölzli,2022-01-19,"69-70del (Alpha, Omicron)",57052,7,,81,0.0,56964.0,92.05110322276761,85.19478768150253,96.50429636516868,2.9742645549027373
ARA Werdhölzli,2022-01-19,S:L452R (Delta),53102,3,414.0,0,,52685.0,0.7222472666276292,0.18010550069162226,1.86206158525948,15.19038009735951
ARA Werdhölzli,2022-01-23,"69-70del (Alpha, Omicron)",57427,17,,91,0.0,57319.0,84.27173718506066,76.64174592375889,90.29658948890452,3.6270117824958303
ARA Werdhölzli,2022-01-23,S:L452R (Delta),43726,0,264.0,0,,43462.0,0.0,0.0,0.7270922045530225,11.66839644923174
ARA Werdhölzli,2022-01-26,"69-70del (Alpha, Omicron)",54617,13,,79,0.0,54525.0,85.87978909684956,77.82089929308906,91.97073587047826,3.2483189085082738
ARA Werdhölzli,2022-01-26,S:L452R (Delta),54563,4,842.0,0,,53717.0,0.4765090168951325,0.14817773936352088,1.1034520901422908,30.108809996206542
ARA Werdhölzli,2022-01-30,"69-70del (Alpha, Omicron)",53439,21,,44,0.0,53374.0,67.70561444818685,55.809280679234284,78.23154821156344,2.345049071629568
ARA Werdhölzli,2022-01-30,S:L452R (Delta),48634,3,728.0,1,,47902.0,0.4129466130993964,0.10299665354928302,1.0687210882432094,29.220843135284802
ARA Werdhölzli,2022-02-02,"69-70del (Alpha, Omicron)",47231,4,,26,0.0,47201.0,86.67033716860301,71.69711907112104,95.6584890129497,1.224234796524846
ARA Werdhölzli,2022-02-06,"69-70del (Alpha, Omicron)",54099,28,,58,0.0,54013.0,67.45932404944337,57.14819010714647,76.74451152887417,3.0654008894631812
ARA Werdhölzli,2022-02-09,S:L452R (Delta),52406,0,346.0,0,,52060.0,0.0,0.0,0.555413507805389,12.763369985181944
ARA Werdhölzli,2022-02-10,"69-70del (Alpha, Omicron)",55627,24,,43,0.0,55560.0,64.19295612527853,52.33688917787344,74.98240412198723,2.3221136995636082
ARA Werdhölzli,2022-02-13,"69-70del (Alpha, Omicron)",52057,25,,48,0.0,51984.0,65.76922221356486,54.47599076070158,75.97332191786948,2.7038403909017394
ARA Werdhölzli,2022-02-13,S:L452R (Delta),46355,0,290.0,0,,46065.0,0.0,0.0,0.6621939599487788,12.091943156166394
CDA Lugano,2021-11-28,"69-70del (Alpha, Omicron)",51821,9,,0,0.0,51812.0,0.0,0.0,19.219215909278624,0.33466252074181496
CDA Lugano,2021-12-01,"69-70del (Alpha, Omicron)",57228,39,,0,0.0,57189.0,0.0,0.0,4.807197970572554,1.3135200465092813
CDA Lugano,2021-12-01,S:L452R (Delta),53968,54,0.0,0,,53914.0,100.0,96.5072956737542,100.0,1.9288899253641567
CDA Lugano,2021-12-05,"69-70del (Alpha, Omicron)",40870,30,,0,0.0,40840.0,0.0,0.0,6.20391689504834,1.4148444695975364
CDA Lugano,2021-12-05,S:L452R (Delta),50057,63,0.0,0,,49994.0,100.0,96.99906291102559,100.0,2.4265084662855663
CDA Lugano,2021-12-08,"69-70del (Alpha, Omicron)",52612,32,,0,0.0,52580.0,0.0,0.0,5.827362546547298,1.1722761171426144
CDA Lugano,2021-12-08,S:L452R (Delta),47766,27,0.0,0,,47739.0,100.0,93.13513183010127,100.0,1.0894324438143999
CDA Lugano,2021-12-12,"69-70del (Alpha, Omicron)",46240,42,,0,0.0,46198.0,0.0,0.0,4.472112846424735,1.7509003020420406
CDA Lugano,2021-12-12,S:L452R (Delta),54124,59,4.0,0,,54061.0,93.65425509444721,85.86952787548799,97.98552447292919,2.244068899725765
CDA Lugano,2021-12-15,"69-70del (Alpha, Omicron)",53741,21,,2,1.0,53717.0,8.335039637991336,1.4994507273985305,24.519392117171034,0.8606669644952749
CDA Lugano,2021-12-15,S:L452R (Delta),43296,14,5.0,0,,43277.0,73.68846584291595,51.726945939152515,89.65375376038845,0.8457339767879622
CDA Lugano,2021-12-19,"69-70del (Alpha, Omicron)",102631,78,,24,0.0,102529.0,23.53835900734832,16.0244693930408,32.36537469642388,1.9158881663139429
CDA Lugano,2021-12-19,S:L452R (Delta),47793,50,33.0,0,,47710.0,60.2617769835837,49.540730079072645,70.35783885492006,3.349066918789613
CDA Lugano,2021-12-22,"69-70del (Alpha, Omicron)",42960,30,,21,0.0,42909.0,41.190857392690475,28.361361932331437,54.88464557242557,2.288739999492346
CDA Lugano,2021-12-22,S:L452R (Delta),44568,30,70.0,2,,44466.0,29.435556894595017,21.605470622519114,39.45795104994056,4.414760156527089
CDA Lugano,2021-12-26,"69-70del (Alpha, Omicron)",48813,40,,106,0.0,48667.0,72.63251814722089,65.05108431713619,79.42645400337001,5.771654129966887
CDA Lugano,2021-12-26,S:L452R (Delta),52054,69,329.0,0,,51656.0,17.391772933098604,13.87883289424444,21.32369919626101,14.788604947094948
CDA Lugano,2021-12-29,"69-70del (Alpha, Omicron)",53474,26,,107,0.0,53341.0,80.47070066041431,73.19054684878408,86.58889961062322,4.798243220971568
CDA Lugano,2021-12-29,S:L452R (Delta),47114,27,305.0,1,,46781.0,8.134584620606445,5.531865652020039,11.43052446748507,13.666780705526582
CDA Lugano,2022-01-01,"69-70del (Alpha, Omicron)",50547,36,,97,0.0,50414.0,72.95832608842186,65.02139224190044,80.01907172532869,5.076459041158238
CDA Lugano,2022-01-01,S:L452R (Delta),43854,22,297.0,1,,43534.0,6.898493827393559,4.473286515075338,10.057099218220536,14.111161336540027
CDA Lugano,2022-01-05,"69-70del (Alpha, Omicron)",57103,9,,106,0.0,56988.0,92.18118000985159,86.34645356096568,96.16409530428122,3.8842684612460494
CDA Lugano,2022-01-05,S:L452R (Delta),50777,17,346.0,0,,50414.0,4.699243560628363,2.8315903925615675,7.20463902817447,13.823857171532932
CDA Lugano,2022-01-09,"69-70del (Alpha, Omicron)",54063,11,,151,0.0,53901.0,93.21936510905421,88.66759211165963,96.4201390305216,5.782278585161888
CDA Lugano,2022-01-09,S:L452R (Delta),53525,17,561.0,0,,52947.0,2.956726568557533,1.7752240023574468,4.555373518864279,20.91988681543005
CDA Lugano,2022-01-12,"69-70del (Alpha, Omicron)",48648,2,,68,1.0,48577.0,95.77760181864804,91.09080690587778,99.56861163789706,2.814123234640729
CDA Lugano,2022-01-12,S:L452R (Delta),50356,5,346.0,0,,50005.0,1.4294236333137866,0.5149665634616375,3.0469549945391314,13.477413247655955
CDA Lugano,2022-01-16,"69-70del (Alpha, Omicron)",56859,2,,81,0.0,56776.0,97.59207826125673,92.74951562955623,99.59554416013961,2.8146778219480737
CDA Lugano,2022-01-16,S:L452R (Delta),48085,0,358.0,0,,47727.0,0.0,0.0,0.5370734537173524,14.398849081373376
CDA Lugano,2022-01-19,"69-70del (Alpha, Omicron)",58324,1,,65,0.0,58258.0,98.4856929447534,93.50190136297235,99.91297338388017,2.1815999664347285
CDA Lugano,2022-01-19,S:L452R (Delta),52497,2,329.0,0,,52166.0,0.6061329246028757,0.10104376516051197,1.859790729385763,12.187058631978026
CDA Lugano,2022-01-23,"69-70del (Alpha, Omicron)",54339,3,,58,0.0,54278.0,95.08459248964566,87.74588088558022,98.75446472724643,2.164186656721703
CDA Lugano,2022-01-23,S:L452R (Delta),53429,3,372.0,0,,53054.0,0.8028012915979543,0.2002539772189698,2.068412305621478,13.571111626984944
CDA Lugano,2022-01-26,"69-70del (Alpha, Omicron)",53985,3,,61,0.0,53921.0,95.31514892680903,88.29893628247196,98.81394614297275,2.2855833775755467
CDA Lugano,2022-01-26,S:L452R (Delta),53832,3,545.0,1,,53283.0,0.5492429727585457,0.1371243557909779,1.4205640676579403,19.750972895409408
CDA Lugano,2022-01-30,"69-70del (Alpha, Omicron)",54440,9,,38,0.0,54393.0,80.85774866214489,68.13854316111383,90.30324772947141,1.6641785577724701
CDA Lugano,2022-01-30,S:L452R (Delta),46787,0,486.0,0,,46301.0,0.0,0.0,0.3964901522753839,20.119127991027245
CDA Lugano,2022-02-02,"69-70del (Alpha, Omicron)",48055,11,,38,0.0,48006.0,77.55989915653888,64.65698273725083,87.65342233375664,1.9656747190862547
CDA Lugano,2022-02-06,"69-70del (Alpha, Omicron)",46358,9,,36,0.0,46313.0,80.00776791239642,66.84649456298773,89.84730954886427,1.8712479443852699
CDA Lugano,2022-02-09,S:L452R (Delta),48557,0,390.0,0,,48167.0,0.0,0.0,0.4932603914080234,15.538008333325859
CDA Lugano,2022-02-10,"69-70del (Alpha, Omicron)",54385,17,,51,0.0,54317.0,75.01172687053382,63.919891135452275,84.25291864029263,2.410649513271854
CDA Lugano,2022-02-13,"69-70del (Alpha, Omicron)",48727,9,,24,0.0,48694.0,72.73399076843225,56.22072532036451,85.8440656267014,1.3053410960842413
CDA Lugano,2022-02-13,S:L452R (Delta),45869,0,176.0,0,,45693.0,0.0,0.0,1.0874564755620098,7.407310845354776
STEP Aire,2021-08-23,S:L452R (Delta),49931,42,0.0,0,,49889.0,100.0,95.53162427961942,100.0,1.6214157536944653
STEP Aire,2021-08-26,S:L452R (Delta),51965,18,0.0,0,,51947.0,100.0,89.8804565551841,100.0,0.6675279327075077
STEP Aire,2021-08-30,S:L452R (Delta),53342,16,0.0,0,,53326.0,100.0,88.68950518064868,100.0,0.5780274610728255
STEP Aire,2021-09-02,S:L452R (Delta),52330,9,1.0,1,,52319.0,81.81974541711897,60.66564601427442,99.544022623223,0.40506082404393656
STEP Aire,2021-09-06,S:L452R (Delta),49585,17,1.0,0,,49567.0,94.44539686383054,77.7442293481004,99.67449201935132,0.6995740137538207
STEP Aire,2021-09-09,S:L452R (Delta),52400,18,0.0,0,,52382.0,100.0,89.8804434740374,100.0,0.661985479681912
STEP Aire,2021-09-13,S:L452R (Delta),52919,8,0.0,0,,52911.0,100.0,78.65688331202132,100.0,0.2913022435638779
STEP Aire,2021-09-16,S:L452R (Delta),52193,4,0.0,0,,52189.0,100.0,61.867960582221336,100.0,0.14767161192898626
STEP Aire,2021-09-20,S:L452R (Delta),52055,4,0.0,0,,52051.0,100.0,61.867962978960435,100.0,0.1480631106411246
STEP Aire,2021-09-23,S:L452R (Delta),50669,4,0.0,1,,50664.0,80.00078946072252,49.49487865793593,100.0,0.1901436131533707
STEP Aire,2021-09-27,S:L452R (Delta),51762,3,0.0,0,,51759.0,100.0,52.717145895883675,100.0,0.11167486447064101
STEP Aire,2021-09-30,S:L452R (Delta),50735,8,0.0,0,,50727.0,100.0,78.65693794411756,100.0,0.3038429800471161
STEP Aire,2021-10-06,S:L452R (Delta),48348,3,0.0,0,,48345.0,100.0,52.71719690494147,100.0,0.11956081252339684
STEP Aire,2021-10-10,S:L452R (Delta),47271,3,0.0,0,,47268.0,100.0,52.71721452525242,100.0,0.12228491570143983
STEP Aire,2021-10-13,S:L452R (Delta),45573,4,0.0,0,,45569.0,100.0,61.8680919103722,100.0,0.16912354566186744
STEP Aire,2021-10-17,S:L452R (Delta),49748,6,0.0,0,,49742.0,100.0,72.60727604167735,100.0,0.23239910856627313
STEP Aire,2021-10-20,S:L452R (Delta),51452,7,0.0,0,,51445.0,100.0,76.00480745603603,100.0,0.26215489151342025
STEP Aire,2021-10-24,S:L452R (Delta),46516,14,0.0,0,,46502.0,100.0,87.18170654982612,100.0,0.5799942384082621
STEP Aire,2021-11-03,S:L452R (Delta),48914,8,0.0,0,,48906.0,100.0,78.65698722583366,100.0,0.31515555557533115
STEP Aire,2021-11-07,S:L452R (Delta),43522,19,0.0,1,,43502.0,95.00109150237904,85.86861103170159,100.0,0.8856326105561323
STEP Aire,2021-11-10,S:L452R (Delta),49961,9,0.0,1,,49951.0,90.00090074463401,72.70590535443998,100.0,0.3856958683714645
STEP Aire,2021-11-14,S:L452R (Delta),52007,17,0.0,0,,51990.0,100.0,89.31804733814933,100.0,0.6299277660509949
STEP Aire,2021-11-17,S:L452R (Delta),47479,43,0.0,0,,47436.0,100.0,95.63337265821531,100.0,1.74580716289654
STEP Aire,2021-11-21,S:L452R (Delta),47506,44,0.0,0,,47462.0,100.0,95.73050737341345,100.0,1.7854103720139693
STEP Aire,2021-11-24,"69-70del (Alpha, Omicron)",54618,15,,0,0.0,54603.0,0.0,0.0,12.020392823859098,0.529234017006825
STEP Aire,2021-11-24,S:L452R (Delta),51055,48,0.0,0,,51007.0,100.0,96.07925580135822,100.0,1.8123406547340486
STEP Aire,2021-11-28,"69-70del (Alpha, Omicron)",53796,21,,3,0.0,53772.0,12.502440589109408,3.2651503871205447,29.30075997904241,0.8597868387214321
STEP Aire,2021-11-28,S:L452R (Delta),51003,47,0.0,1,,50955.0,97.91762674070297,93.9984649714796,100.0,1.814189292956928
STEP Aire,2021-12-01,"69-70del (Alpha, Omicron)",55331,76,,0,0.0,55255.0,0.0,0.0,2.497280301203518,2.6483546895290973
STEP Aire,2021-12-01,S:L452R (Delta),52373,103,0.0,3,,52267.0,97.17259537937846,95.37905901708224,100.0,3.90365043697952
STEP Aire,2021-12-05,"69-70del (Alpha, Omicron)",35061,39,,0,0.0,35022.0,0.0,0.0,4.808184921403719,2.1444434863597674
STEP Aire,2021-12-05,S:L452R (Delta),50818,105,0.0,0,,50713.0,100.0,98.18920278146805,100.0,3.9852303405409377
STEP Aire,2021-12-08,"69-70del (Alpha, Omicron)",49258,42,,1,0.0,49215.0,2.3265735611454508,0.13422804704555183,9.846496846432524,1.6827281189961334
STEP Aire,2021-12-08,S:L452R (Delta),47836,55,1.0,0,,47780.0,98.21531250194104,92.37675221734519,99.89730255377435,2.2569406722496232
STEP Aire,2021-12-10,"69-70del (Alpha, Omicron)",49809,55,,1,0.0,49753.0,1.7867011061659444,0.10281530320447796,7.631337015925668,2.1674899801200542
STEP Aire,2021-12-10,S:L452R (Delta),49579,92,1.0,2,,49484.0,96.84503625119646,94.22536525911276,99.97530522431077,3.695514412137178
STEP Aire,2021-12-15,"69-70del (Alpha, Omicron)",51944,124,,12,0.0,51808.0,8.834082519143315,4.831422587289726,14.371418996134869,5.051325069289109
STEP Aire,2021-12-15,S:L452R (Delta),49395,112,18.0,3,,49262.0,84.22844024883901,79.2018004570844,91.58988188177776,5.195012976916634
STEP Aire,2021-12-19,"69-70del (Alpha, Omicron)",51505,155,,30,0.0,51320.0,16.24068063419245,11.40448401617817,22.005806623335133,6.933238127593552
STEP Aire,2021-12-19,S:L452R (Delta),44198,139,53.0,1,,44005.0,72.06478993836069,65.84095604192699,78.44114565112119,8.432129798339389
STEP Aire,2021-12-22,"69-70del (Alpha, Omicron)",53384,76,,53,1.0,53254.0,40.798673394162336,32.85392563743912,49.72526302787833,4.69779665134361
STEP Aire,2021-12-22,S:L452R (Delta),49693,100,153.0,1,,49439.0,39.43126182385007,33.68447403976692,45.69892751064521,9.873779778232823
STEP Aire,2021-12-26,"69-70del (Alpha, Omicron)",54863,56,,59,0.0,54748.0,51.33055862230332,42.241654706196776,60.36022695329646,4.04302565920479
STEP Aire,2021-12-26,S:L452R (Delta),47149,70,222.0,1,,46856.0,23.947520704568614,19.364701258857522,29.148258378780934,12.011042696208115
STEP Aire,2021-12-29,"69-70del (Alpha, Omicron)",42021,26,,41,0.0,41954.0,61.212974244956,49.28633897951583,72.29658164231081,3.074592193490255
STEP Aire,2021-12-29,S:L452R (Delta),51541,18,116.0,0,,51407.0,13.447981321342706,8.381024113962988,19.899116819355058,5.015910371718695
STEP Aire,2021-12-31,S:L452R (Delta),46852,34,188.0,0,,46630.0,15.346149572956191,11.010957588493971,20.477111102891474,9.151418858186442
STEP Aire,2022-01-01,"69-70del (Alpha, Omicron)",37054,15,,37,0.0,37002.0,71.16825547177892,58.04107849221203,82.25737832087133,2.7058629873028828
STEP Aire,2022-01-04,"69-70del (Alpha, Omicron)",55659,24,,59,0.0,55576.0,71.0996712503528,60.80825859639486,80.10746490760621,2.875407172004935
STEP Aire,2022-01-04,S:L452R (Delta),51176,67,433.0,0,,50676.0,13.457104042190371,10.650505627000326,16.63808049857526,18.917623136858623
STEP Aire,2022-01-09,"69-70del (Alpha, Omicron)",49482,20,,116,0.0,49346.0,85.3113676064149,78.72999111956884,90.57666928894744,5.303002279164188
STEP Aire,2022-01-09,S:L452R (Delta),50938,26,390.0,0,,50522.0,6.274081928555564,4.20620212612753,8.879893880180568,15.800234919579944
STEP Aire,2022-01-12,"69-70del (Alpha, Omicron)",49573,13,,86,0.0,49474.0,86.88008285793079,79.32131911815557,92.55779015459679,3.851737227987328
STEP Aire,2022-01-12,S:L452R (Delta),51335,18,394.0,0,,50923.0,4.385806954881244,2.6823776444576715,6.655524176316827,15.526190463613998
STEP Aire,2022-01-16,"69-70del (Alpha, Omicron)",56019,6,,135,0.0,55878.0,95.74981081078336,91.57447287805192,98.28869384872867,4.855830708047975
STEP Aire,2022-01-16,S:L452R (Delta),51692,6,589.0,0,,51097.0,1.014203674231906,0.4043495125723122,2.04439968682895,22.30682772941305
STEP Aire,2022-01-19,"69-70del (Alpha, Omicron)",55941,6,,108,0.0,55827.0,94.74192473677175,89.63109873472658,97.8762470250908,3.930521354270141
STEP Aire,2022-01-19,S:L452R (Delta),49476,5,483.0,1,,48987.0,1.0275373954653277,0.37046094718846684,2.199853004485812,19.138240316918846
STEP Aire,2022-01-23,"69-70del (Alpha, Omicron)",54040,5,,73,0.0,53962.0,93.59407455058025,86.7341550938606,97.65421494148725,2.783078896142354
STEP Aire,2022-01-23,S:L452R (Delta),41550,0,340.0,0,,41210.0,0.0,0.0,0.5656352597428459,15.831552891582385
STEP Aire,2022-01-26,"69-70del (Alpha, Omicron)",47512,6,,75,0.0,47431.0,92.5984412239022,85.56725352927282,96.9903522669734,3.2876442081479453
STEP Aire,2022-01-26,S:L452R (Delta),48058,3,771.0,0,,47284.0,0.3907482394151618,0.0973186155383142,1.0100718062354914,31.284475733955027
STEP Aire,2022-01-30,"69-70del (Alpha, Omicron)",55319,18,,48,0.0,55253.0,72.73910984923775,61.26733550078999,82.47790087681747,2.3001780769173306
STEP Aire,2022-01-30,S:L452R (Delta),50456,2,574.0,0,,49880.0,0.3492161963077778,0.05815266700667338,1.074374653799234,22.12244421871744
STEP Aire,2022-02-02,"69-70del (Alpha, Omicron)",53167,14,,84,0.0,53069.0,85.72557636248722,77.91741069531882,91.69260727175526,3.5548160016158024
STEP Aire,2022-02-06,"69-70del (Alpha, Omicron)",55365,4,,35,0.0,55326.0,89.74683216942026,77.76551065220842,96.69853073483478,1.3577348073455524
STEP Aire,2022-02-09,S:L452R (Delta),50832,0,176.0,0,,50656.0,0.0,0.0,1.087254154755725,6.682839746741289
STEP Aire,2022-02-10,"69-70del (Alpha, Omicron)",52192,2,,20,0.0,52170.0,90.91083289639346,74.49180537685994,98.42849742725673,0.8123495265933908
STEP Aire,2022-02-13,"69-70del (Alpha, Omicron)",52065,5,,11,0.0,52049.0,68.75330154248522,44.45493410192064,87.47267902120973,0.5922069389388436
STEP Aire,2022-02-13,S:L452R (Delta),41004,0,82.0,0,,40922.0,0.0,0.0,2.3173978168121256,3.857046583405696
